banhalmi.art/20ev,https://www.banhalmi.art/hu/index.html#journey,301,TRUE,FALSE,FALSE,FALSE
www.banhalmi.art/20ev,https://www.banhalmi.art/hu/index.html#journey,301,TRUE,FALSE,FALSE,FALSE
banhalmi.art/ajanlatkeres,https://www.norbertbanhalmi.com/hu/ajanlatkeres/,301,TRUE,FALSE,FALSE,FALSE
www.banhalmi.art/ajanlatkeres,https://www.norbertbanhalmi.com/hu/ajanlatkeres/,301,TRUE,FALSE,FALSE,FALSE
banhalmi.art/arak,https://www.norbertbanhalmi.com/hu/ajanlatkeres/,301,TRUE,FALSE,FALSE,FALSE
www.banhalmi.art/arak,https://www.norbertbanhalmi.com/hu/ajanlatkeres/,301,TRUE,FALSE,FALSE,FALSE
banhalmi.art/blog,https://blog.banhalmi.art/,301,TRUE,FALSE,FALSE,FALSE
www.banhalmi.art/blog,https://blog.banhalmi.art/,301,TRUE,FALSE,FALSE,FALSE
banhalmi.art/blog/categories,https://blog.banhalmi.art/blog/categories,301,TRUE,FALSE,FALSE,FALSE
www.banhalmi.art/blog/categories,https://blog.banhalmi.art/blog/categories,301,TRUE,FALSE,FALSE,FALSE
banhalmi.art/curators,https://www.banhalmi.art/hu/curators.html,301,TRUE,FALSE,FALSE,FALSE
www.banhalmi.art/curators,https://www.banhalmi.art/hu/curators.html,301,TRUE,FALSE,FALSE,FALSE
banhalmi.art/de-at/norbert-banhalmi,https://www.norbertbanhalmi.com/about/,301,TRUE,FALSE,FALSE,FALSE
www.banhalmi.art/de-at/norbert-banhalmi,https://www.norbertbanhalmi.com/about/,301,TRUE,FALSE,FALSE,FALSE
banhalmi.art/de-at/works/peter-magyar-portraet-2026,https://www.banhalmi.art/de-at/exhibitions/euforia.html#peter-magyar-portrait,301,TRUE,FALSE,FALSE,FALSE
www.banhalmi.art/de-at/works/peter-magyar-portraet-2026,https://www.banhalmi.art/de-at/exhibitions/euforia.html#peter-magyar-portrait,301,TRUE,FALSE,FALSE,FALSE
banhalmi.art/de-at/works/peter-magyar-portraet-2026.html,https://www.banhalmi.art/de-at/exhibitions/euforia.html#peter-magyar-portrait,301,TRUE,FALSE,FALSE,FALSE
www.banhalmi.art/de-at/works/peter-magyar-portraet-2026.html,https://www.banhalmi.art/de-at/exhibitions/euforia.html#peter-magyar-portrait,301,TRUE,FALSE,FALSE,FALSE
banhalmi.art/fotokiallitasok,https://www.banhalmi.art/hu/index.html#exhibitions,301,TRUE,FALSE,FALSE,FALSE
www.banhalmi.art/fotokiallitasok,https://www.banhalmi.art/hu/index.html#exhibitions,301,TRUE,FALSE,FALSE,FALSE
banhalmi.art/fotokiallitasok/anovilaga,https://www.banhalmi.art/hu/exhibitions/anovilaga.html,301,TRUE,FALSE,FALSE,FALSE
www.banhalmi.art/fotokiallitasok/anovilaga,https://www.banhalmi.art/hu/exhibitions/anovilaga.html,301,TRUE,FALSE,FALSE,FALSE
banhalmi.art/fotokiallitasok/avalosag,https://www.banhalmi.art/hu/exhibitions/avalosag.html,301,TRUE,FALSE,FALSE,FALSE
www.banhalmi.art/fotokiallitasok/avalosag,https://www.banhalmi.art/hu/exhibitions/avalosag.html,301,TRUE,FALSE,FALSE,FALSE
banhalmi.art/fotokiallitasok/balerina-project-new-york,https://www.banhalmi.art/hu/exhibitions/balerina-project-new-york.html,301,TRUE,FALSE,FALSE,FALSE
www.banhalmi.art/fotokiallitasok/balerina-project-new-york,https://www.banhalmi.art/hu/exhibitions/balerina-project-new-york.html,301,TRUE,FALSE,FALSE,FALSE
banhalmi.art/fotokiallitasok/ebredes,https://www.banhalmi.art/hu/exhibitions/ebredes.html,301,TRUE,FALSE,FALSE,FALSE
www.banhalmi.art/fotokiallitasok/ebredes,https://www.banhalmi.art/hu/exhibitions/ebredes.html,301,TRUE,FALSE,FALSE,FALSE
banhalmi.art/fotokiallitasok/enano,https://www.banhalmi.art/hu/exhibitions/enano.html,301,TRUE,FALSE,FALSE,FALSE
www.banhalmi.art/fotokiallitasok/enano,https://www.banhalmi.art/hu/exhibitions/enano.html,301,TRUE,FALSE,FALSE,FALSE
banhalmi.art/fotokiallitasok/femmefatale,https://www.banhalmi.art/hu/exhibitions/femmefatale.html,301,TRUE,FALSE,FALSE,FALSE
www.banhalmi.art/fotokiallitasok/femmefatale,https://www.banhalmi.art/hu/exhibitions/femmefatale.html,301,TRUE,FALSE,FALSE,FALSE
banhalmi.art/fotokiallitasok/fotokiallitas1,https://www.banhalmi.art/hu/exhibitions/fotokiallitas1.html,301,TRUE,FALSE,FALSE,FALSE
www.banhalmi.art/fotokiallitasok/fotokiallitas1,https://www.banhalmi.art/hu/exhibitions/fotokiallitas1.html,301,TRUE,FALSE,FALSE,FALSE
banhalmi.art/fotokiallitasok/fotokiallitas2,https://www.banhalmi.art/hu/exhibitions/fotokiallitas2.html,301,TRUE,FALSE,FALSE,FALSE
www.banhalmi.art/fotokiallitasok/fotokiallitas2,https://www.banhalmi.art/hu/exhibitions/fotokiallitas2.html,301,TRUE,FALSE,FALSE,FALSE
banhalmi.art/fotokiallitasok/fotokiallitas3,https://www.banhalmi.art/hu/exhibitions/fotokiallitas3.html,301,TRUE,FALSE,FALSE,FALSE
www.banhalmi.art/fotokiallitasok/fotokiallitas3,https://www.banhalmi.art/hu/exhibitions/fotokiallitas3.html,301,TRUE,FALSE,FALSE,FALSE
banhalmi.art/fotokiallitasok/fotokiallitas4,https://www.banhalmi.art/hu/exhibitions/fotokiallitas4.html,301,TRUE,FALSE,FALSE,FALSE
www.banhalmi.art/fotokiallitasok/fotokiallitas4,https://www.banhalmi.art/hu/exhibitions/fotokiallitas4.html,301,TRUE,FALSE,FALSE,FALSE
banhalmi.art/fotokiallitasok/fotokiallitas5,https://www.banhalmi.art/hu/exhibitions/fotokiallitas5.html,301,TRUE,FALSE,FALSE,FALSE
www.banhalmi.art/fotokiallitasok/fotokiallitas5,https://www.banhalmi.art/hu/exhibitions/fotokiallitas5.html,301,TRUE,FALSE,FALSE,FALSE
banhalmi.art/fotokiallitasok/fotokiallitas8,https://www.banhalmi.art/hu/exhibitions/fotokiallitas8.html,301,TRUE,FALSE,FALSE,FALSE
www.banhalmi.art/fotokiallitasok/fotokiallitas8,https://www.banhalmi.art/hu/exhibitions/fotokiallitas8.html,301,TRUE,FALSE,FALSE,FALSE
banhalmi.art/fotokiallitasok/mas-kepp-mas,https://www.banhalmi.art/hu/exhibitions/mas-kepp-mas.html,301,TRUE,FALSE,FALSE,FALSE
www.banhalmi.art/fotokiallitasok/mas-kepp-mas,https://www.banhalmi.art/hu/exhibitions/mas-kepp-mas.html,301,TRUE,FALSE,FALSE,FALSE
banhalmi.art/fotokiallitasok/merfoldkovek1956,https://www.banhalmi.art/hu/exhibitions/merfoldkovek1956.html,301,TRUE,FALSE,FALSE,FALSE
www.banhalmi.art/fotokiallitasok/merfoldkovek1956,https://www.banhalmi.art/hu/exhibitions/merfoldkovek1956.html,301,TRUE,FALSE,FALSE,FALSE
banhalmi.art/fotokiallitasok/szosszenetek,https://www.banhalmi.art/hu/exhibitions/szosszenetek.html,301,TRUE,FALSE,FALSE,FALSE
www.banhalmi.art/fotokiallitasok/szosszenetek,https://www.banhalmi.art/hu/exhibitions/szosszenetek.html,301,TRUE,FALSE,FALSE,FALSE
banhalmi.art/fotokiallitasok/teislehetsz,https://www.banhalmi.art/hu/exhibitions/teislehetsz.html,301,TRUE,FALSE,FALSE,FALSE
www.banhalmi.art/fotokiallitasok/teislehetsz,https://www.banhalmi.art/hu/exhibitions/teislehetsz.html,301,TRUE,FALSE,FALSE,FALSE
banhalmi.art/fotokiallitasok/theframe,https://www.banhalmi.art/hu/exhibitions/theframe.html,301,TRUE,FALSE,FALSE,FALSE
www.banhalmi.art/fotokiallitasok/theframe,https://www.banhalmi.art/hu/exhibitions/theframe.html,301,TRUE,FALSE,FALSE,FALSE
banhalmi.art/fotokiallitasok/themensdream,https://www.banhalmi.art/hu/exhibitions/themensdream.html,301,TRUE,FALSE,FALSE,FALSE
www.banhalmi.art/fotokiallitasok/themensdream,https://www.banhalmi.art/hu/exhibitions/themensdream.html,301,TRUE,FALSE,FALSE,FALSE
banhalmi.art/fotokiallitasok/touch-wien,https://www.banhalmi.art/hu/exhibitions/touch-wien.html,301,TRUE,FALSE,FALSE,FALSE
www.banhalmi.art/fotokiallitasok/touch-wien,https://www.banhalmi.art/hu/exhibitions/touch-wien.html,301,TRUE,FALSE,FALSE,FALSE
banhalmi.art/fotozas-arak,https://www.norbertbanhalmi.com/hu/ajanlatkeres/,301,TRUE,FALSE,FALSE,FALSE
www.banhalmi.art/fotozas-arak,https://www.norbertbanhalmi.com/hu/ajanlatkeres/,301,TRUE,FALSE,FALSE,FALSE
banhalmi.art/gyakori-kerdesek,https://www.norbertbanhalmi.com/hu/gyik/,301,TRUE,FALSE,FALSE,FALSE
www.banhalmi.art/gyakori-kerdesek,https://www.norbertbanhalmi.com/hu/gyik/,301,TRUE,FALSE,FALSE,FALSE
banhalmi.art/hu/norbert-banhalmi,https://www.norbertbanhalmi.com/about/,301,TRUE,FALSE,FALSE,FALSE
www.banhalmi.art/hu/norbert-banhalmi,https://www.norbertbanhalmi.com/about/,301,TRUE,FALSE,FALSE,FALSE
banhalmi.art/hu/works/magyar-peter-portre-2026,https://www.banhalmi.art/hu/exhibitions/euforia.html#peter-magyar-portrait,301,TRUE,FALSE,FALSE,FALSE
www.banhalmi.art/hu/works/magyar-peter-portre-2026,https://www.banhalmi.art/hu/exhibitions/euforia.html#peter-magyar-portrait,301,TRUE,FALSE,FALSE,FALSE
banhalmi.art/hu/works/magyar-peter-portre-2026.html,https://www.banhalmi.art/hu/exhibitions/euforia.html#peter-magyar-portrait,301,TRUE,FALSE,FALSE,FALSE
www.banhalmi.art/hu/works/magyar-peter-portre-2026.html,https://www.banhalmi.art/hu/exhibitions/euforia.html#peter-magyar-portrait,301,TRUE,FALSE,FALSE,FALSE
banhalmi.art/kapcsolat,https://www.norbertbanhalmi.com/hu/kapcsolat/,301,TRUE,FALSE,FALSE,FALSE
www.banhalmi.art/kapcsolat,https://www.norbertbanhalmi.com/hu/kapcsolat/,301,TRUE,FALSE,FALSE,FALSE
banhalmi.art/konyveim,https://www.banhalmi.art/hu/index.html#books,301,TRUE,FALSE,FALSE,FALSE
www.banhalmi.art/konyveim,https://www.banhalmi.art/hu/index.html#books,301,TRUE,FALSE,FALSE,FALSE
banhalmi.art/mediamegjelenesek,https://www.banhalmi.art/hu/press.html,301,TRUE,FALSE,FALSE,FALSE
www.banhalmi.art/mediamegjelenesek,https://www.banhalmi.art/hu/press.html,301,TRUE,FALSE,FALSE,FALSE
banhalmi.art/norbert-banhalmi,https://www.norbertbanhalmi.com/about/,301,TRUE,FALSE,FALSE,FALSE
www.banhalmi.art/norbert-banhalmi,https://www.norbertbanhalmi.com/about/,301,TRUE,FALSE,FALSE,FALSE
banhalmi.art/post/60-perc,https://blog.banhalmi.art/post/60-perc,301,TRUE,FALSE,FALSE,FALSE
www.banhalmi.art/post/60-perc,https://blog.banhalmi.art/post/60-perc,301,TRUE,FALSE,FALSE,FALSE
banhalmi.art/post/a-fonix-jegpancelban,https://blog.banhalmi.art/post/a-fonix-jegpancelban,301,TRUE,FALSE,FALSE,FALSE
www.banhalmi.art/post/a-fonix-jegpancelban,https://blog.banhalmi.art/post/a-fonix-jegpancelban,301,TRUE,FALSE,FALSE,FALSE
banhalmi.art/post/ahogy-a-lelkem-valtozott,https://blog.banhalmi.art/post/ahogy-a-lelkem-valtozott,301,TRUE,FALSE,FALSE,FALSE
www.banhalmi.art/post/ahogy-a-lelkem-valtozott,https://blog.banhalmi.art/post/ahogy-a-lelkem-valtozott,301,TRUE,FALSE,FALSE,FALSE
banhalmi.art/post/egy-fotós-legnehezebb-másodpercei,https://blog.banhalmi.art/post/egy-fotós-legnehezebb-másodpercei,301,TRUE,FALSE,FALSE,FALSE
www.banhalmi.art/post/egy-fotós-legnehezebb-másodpercei,https://blog.banhalmi.art/post/egy-fotós-legnehezebb-másodpercei,301,TRUE,FALSE,FALSE,FALSE
banhalmi.art/post/euforia,https://www.banhalmi.art/hu/exhibitions/euforia.html,301,TRUE,FALSE,FALSE,FALSE
www.banhalmi.art/post/euforia,https://www.banhalmi.art/hu/exhibitions/euforia.html,301,TRUE,FALSE,FALSE,FALSE
banhalmi.art/post/fiubol-ferfi,https://blog.banhalmi.art/post/fiubol-ferfi,301,TRUE,FALSE,FALSE,FALSE
www.banhalmi.art/post/fiubol-ferfi,https://blog.banhalmi.art/post/fiubol-ferfi,301,TRUE,FALSE,FALSE,FALSE
banhalmi.art/post/nincs-rossz-modell-csak-rossz-fotós,https://blog.banhalmi.art/post/nincs-rossz-modell-csak-rossz-fotós,301,TRUE,FALSE,FALSE,FALSE
www.banhalmi.art/post/nincs-rossz-modell-csak-rossz-fotós,https://blog.banhalmi.art/post/nincs-rossz-modell-csak-rossz-fotós,301,TRUE,FALSE,FALSE,FALSE
banhalmi.art/post/portfolio-fitnesz-fotózás,https://blog.banhalmi.art/post/portfolio-fitnesz-fotózás,301,TRUE,FALSE,FALSE,FALSE
www.banhalmi.art/post/portfolio-fitnesz-fotózás,https://blog.banhalmi.art/post/portfolio-fitnesz-fotózás,301,TRUE,FALSE,FALSE,FALSE
banhalmi.art/post/tul-kell-elni,https://blog.banhalmi.art/post/tul-kell-elni,301,TRUE,FALSE,FALSE,FALSE
www.banhalmi.art/post/tul-kell-elni,https://blog.banhalmi.art/post/tul-kell-elni,301,TRUE,FALSE,FALSE,FALSE
banhalmi.art/post/úton-a-föld-középpontja-felé,https://blog.banhalmi.art/post/úton-a-föld-középpontja-felé,301,TRUE,FALSE,FALSE,FALSE
www.banhalmi.art/post/úton-a-föld-középpontja-felé,https://blog.banhalmi.art/post/úton-a-föld-középpontja-felé,301,TRUE,FALSE,FALSE,FALSE
banhalmi.art/service-page/event-photography,https://www.norbertbanhalmi.com/hu/rendezvenyfotozas/,301,TRUE,FALSE,FALSE,FALSE
www.banhalmi.art/service-page/event-photography,https://www.norbertbanhalmi.com/hu/rendezvenyfotozas/,301,TRUE,FALSE,FALSE,FALSE
banhalmi.art/service-page/fine-art,https://www.norbertbanhalmi.com/hu/muveszi-fotografia/,301,TRUE,FALSE,FALSE,FALSE
www.banhalmi.art/service-page/fine-art,https://www.norbertbanhalmi.com/hu/muveszi-fotografia/,301,TRUE,FALSE,FALSE,FALSE
banhalmi.art/service-page/lifestyle-family,https://www.norbertbanhalmi.com/hu/brand/,301,TRUE,FALSE,FALSE,FALSE
www.banhalmi.art/service-page/lifestyle-family,https://www.norbertbanhalmi.com/hu/brand/,301,TRUE,FALSE,FALSE,FALSE
banhalmi.art/service-page/portrait,https://www.norbertbanhalmi.com/hu/portre/,301,TRUE,FALSE,FALSE,FALSE
www.banhalmi.art/service-page/portrait,https://www.norbertbanhalmi.com/hu/portre/,301,TRUE,FALSE,FALSE,FALSE
banhalmi.art/works/peter-magyar-portrait-2026,https://www.banhalmi.art/exhibitions/euforia.html#peter-magyar-portrait,301,TRUE,FALSE,FALSE,FALSE
www.banhalmi.art/works/peter-magyar-portrait-2026,https://www.banhalmi.art/exhibitions/euforia.html#peter-magyar-portrait,301,TRUE,FALSE,FALSE,FALSE
banhalmi.art/works/peter-magyar-portrait-2026.html,https://www.banhalmi.art/exhibitions/euforia.html#peter-magyar-portrait,301,TRUE,FALSE,FALSE,FALSE
www.banhalmi.art/works/peter-magyar-portrait-2026.html,https://www.banhalmi.art/exhibitions/euforia.html#peter-magyar-portrait,301,TRUE,FALSE,FALSE,FALSE
banhalmi.art/post/,https://blog.banhalmi.art/post/,301,TRUE,FALSE,TRUE,TRUE
banhalmi.art/blog/,https://blog.banhalmi.art/blog/,301,TRUE,FALSE,TRUE,TRUE
www.banhalmi.art/post/,https://blog.banhalmi.art/post/,301,TRUE,FALSE,TRUE,TRUE
www.banhalmi.art/blog/,https://blog.banhalmi.art/blog/,301,TRUE,FALSE,TRUE,TRUE
